"date","country","cum_new_ppl_fully_vaxxed","avg_new_confirmed","avg_new_deceased","cum_deceased"
"2020-01-20","Global",0.0,0.0,0.0,0
"2020-01-21","Global",0.0,0.0,0.0,0
"2020-01-28","Global",0.0,0.0,0.0,0
"2020-01-30","Global",0.0,0.0,0.0,0
"2020-02-05","Global",0.0,0.0,0.0,0
"2020-03-12","Global",0.0,0.08921933085501858,0.0,0
"2020-03-13","Global",0.0,0.11895910780669144,0.0,0
"2020-03-14","Global",0.0,0.10656753407682776,0.0,0
"2020-03-15","Global",0.0,0.11895910780669144,0.0,0
"2020-03-16","Global",0.0,0.1546468401486989,0.0,0
"2020-03-17","Global",0.0,0.22800495662949194,0.0,0
"2020-03-18","Global",0.0,0.2708443972384493,0.0,0
"2020-03-19","Global",0.0,0.3252788104089219,0.0,0
"2020-03-20","Global",0.0,0.3651383725733168,0.0008261049153242462,2
"2020-03-21","Global",0.0,0.4066914498141264,0.0007434944237918215,2
"2020-03-22","Global",0.0,0.435958093950659,0.0006759040216289286,2
"2020-03-23","Global",0.0,0.4684014869888476,0.0006195786864931846,2
"2020-03-24","Global",0.0,0.5010008578781813,0.0017157563625965113,6
"2020-03-25","Global",0.0,0.5358470525756771,0.002124269782262347,8
"2020-03-26","Global",0.0,0.5769516728624535,0.0044609665427509295,18
"2020-03-27","Global",0.0,0.6110594795539034,0.004646840148698885,20
"2020-03-28","Global",0.0,0.6831401705663678,0.004810846271594139,22
"2020-03-29","Global",0.0,0.7030152829409335,0.0057827344072697235,28
"2020-03-30","Global",0.0,0.81119154764234,0.005869692819409118,30
"2020-03-31","Global",0.0,0.9446096654275093,0.007063197026022305,38
"2020-04-01","Global",0.0,1.069569835369092,0.008497079129049389,48
"2020-04-02","Global",0.0,1.1906049340993579,0.010814464346062858,64
"2020-04-03","Global",0.0,1.276547599806045,0.011637304024567642,72
"2020-04-04","Global",0.0,1.3234200743494424,0.012701363073110285,82
"2020-04-05","Global",0.0,1.3933085501858735,0.013977695167286246,94
"2020-04-06","Global",0.0,1.436659994280812,0.01486988847583643,104
"2020-04-07","Global",0.0,1.4641332782596723,0.01569599339116068,114
"2020-04-08","Global",0.0,1.4784917684545937,0.016994158258098777,128
"2020-04-09","Global",0.0,1.5064735290347393,0.01717728496346622,134
"2020-04-10","Global",0.0,1.5182156133828997,0.017843866171003718,144
"2020-04-11","Global",0.0,1.5325578606547547,0.018227605228444656,152
"2020-04-12","Global",0.0,1.5720260223048328,0.01858736059479554,160
"2020-04-13","Global",0.0,1.5953587923848147,0.019601216627238932,174
"2020-04-14","Global",0.0,1.619724469713536,0.019899409577957577,182
"2020-04-15","Global",0.0,1.6367498672331386,0.02145512480084971,202
"2020-04-16","Global",0.0,1.6284593143329202,0.0214787277984304,208
"2020-04-17","Global",0.0,1.6336782879533809,0.022103888274891993,220
"2020-04-18","Global",0.0,1.6433183330072394,0.022891801995695557,234
"2020-04-19","Global",0.0,1.6417881994090173,0.023448670288818987,246
"2020-04-20","Global",0.0,1.6444237918215614,0.02342007434944238,252
"2020-04-21","Global",0.0,1.6469308187505667,0.023936893644029376,264
"2020-04-22","Global",0.0,1.64701717118074,0.02372101256859621,268
"2020-04-23","Global",0.0,1.6460620731391025,0.023515172473415752,272
"2020-04-24","Global",0.0,1.6429537005745183,0.02331868874619804,276
"2020-04-25","Global",0.0,1.6391573729863693,0.023130937629078894,280
"2020-04-26","Global",0.0,1.6158073379667044,0.022951349604008405,284
"2020-04-27","Global",0.0,1.5951910147907933,0.022779403622557936,288
"2020-04-28","Global",0.0,1.586276332094176,0.022769516728624536,294
"2020-04-29","Global",0.0,1.5649798953038463,0.022760033381382293,300
"2020-04-30","Global",0.0,1.5525650557620818,0.023048327137546468,310
"2020-05-01","Global",0.0,1.5384503243676653,0.02274218237480866,312
"2020-05-02","Global",0.0,1.5138690305976552,0.022447812410637688,314
"2020-05-03","Global",0.0,1.4881111033176686,0.0220242687802483,314
"2020-05-04","Global",0.0,1.4659231722428747,0.021754096103538484,316
"2020-05-05","Global",0.0,1.4419736397431564,0.021628928692125717,320
"2020-05-06","Global",0.0,1.4239245884227296,0.021242697822623474,320
"2020-05-07","Global",0.0,1.40416096002087,0.02087001891345464,320
"2020-05-08","Global",0.0,1.3822586847840022,0.02102294577618254,328
"2020-05-09","Global",0.0,1.3613508915632284,0.020918656669397014,332
"2020-05-10","Global",0.0,1.340272614622057,0.02094175960346964,338
"2020-05-11","Global",0.0,1.3209823877140594,0.020964105064293984,344
"2020-05-12","Global",0.0,1.304472958388296,0.020865811248351122,348
"2020-05-13","Global",0.0,1.2863633681477546,0.020888652858913084,354
"2020-05-14","Global",0.0,1.267425650557621,0.02079460966542751,358
"2020-05-15","Global",0.0,1.2483843294252217,0.0204746925936517,358
"2020-05-16","Global",0.0,1.2296947166835643,0.02027712064886786,360
"2020-05-17","Global",0.0,1.2136714198524108,0.020196415691061422,364
"2020-05-18","Global",0.0,1.1973540345506233,0.020118084408484584,368
"2020-05-19","Global",0.0,1.182048381013954,0.020042023597866495,372
"2020-05-20","Global",0.0,1.1661178969729156,0.01975570897503983,372
"2020-05-21","Global",0.0,1.150322006387769,0.01947745955285617,372
"2020-05-22","Global",0.0,1.1356877323420074,0.019206939281288724,372
"2020-05-23","Global",0.0,1.1203340632479504,0.018943830524010795,372
"2020-05-24","Global",0.0,1.105596302622325,0.018687832814226868,372
"2020-05-25","Global",0.0,1.0921437422552664,0.018438661710037173,372
"2020-05-26","Global",0.0,1.080903932694189,0.018196047740168263,372
"2020-05-27","Global",0.0,1.068024911891083,0.018152850866605515,376
"2020-05-28","Global",0.0,1.0583357163282814,0.018015441807263367,378
"2020-05-29","Global",0.0,1.0507740812197073,0.01778739824008282,378
"2020-05-30","Global",0.0,1.0387546468401487,0.017565055762081783,378
"2020-05-31","Global",0.0,1.030336408279407,0.01734820322180917,378
"2020-06-01","Global",0.0,1.0220328225587088,0.0172273098195666,380
"2020-06-02","Global",0.0,1.0150042549379674,0.017019751869933264,380
"2020-06-03","Global",0.0,1.006815365551425,0.016817135776243584,380
"2020-06-04","Global",0.0,1.0040673518478023,0.016619287120052482,380
"2020-06-05","Global",0.0,0.9996541886400968,0.016426039595400708,380
"2020-06-06","Global",0.0,0.9913258983890955,0.01640815280092296,384
"2020-06-07","Global",0.0,0.9856370395403853,0.01639067252450152,388
"2020-06-08","Global",0.0,0.9833340294891608,0.01620650766467566,388
"2020-06-09","Global",0.0,0.9853779429987608,0.0161090458488228,390
"2020-06-10","Global",0.0,0.98852077290739,0.016013726050900772,392
"2020-06-11","Global",0.0,0.9903022466461936,0.01583966381121707,392
"2020-06-12","Global",0.0,0.9909261702042611,0.015669344845505057,392
"2020-06-13","Global",0.0,0.9890848690975244,0.015581744839041367,394
"2020-06-14","Global",0.0,0.9865779690862845,0.015495989043240071,396
"2020-06-15","Global",0.0,0.9867565055762082,0.01533457249070632,396
"2020-06-16","Global",0.0,0.9900739661978308,0.01517648411451347,396
"2020-06-17","Global",0.0,0.9949927926560959,0.015021622031712313,396
"2020-06-18","Global",0.0,0.9989110435207089,0.01486988847583643,396
"2020-06-19","Global",0.0,1.002453531598513,0.014795539033457249,398
"2020-06-20","Global",0.0,1.0010673929846516,0.014722661857263793,400
"2020-06-21","Global",0.0,0.998906625847365,0.014578322035133756,400
"2020-06-22","Global",0.0,1.0071101165770382,0.014436784927996535,400
"2020-06-23","Global",0.0,1.0198741778667428,0.014297969688304261,400
"2020-06-24","Global",0.0,1.0360063728093467,0.014374225526641884,406
"2020-06-25","Global",0.0,1.0558322227677632,0.01444904257557691,412
"2020-06-26","Global",0.0,1.0647951916061564,0.014522461174999132,418
"2020-06-27","Global",0.0,1.0788930194134656,0.014525678094451329,422
"2020-06-28","Global",0.0,1.0904130145629412,0.014460625490262951,424
"2020-06-29","Global",0.0,1.1209192294694152,0.014329165258533288,424
"2020-06-30","Global",0.0,1.1534880605512576,0.014267055159248468,426
"2020-07-01","Global",0.0,1.191250663834307,0.014206054168879448,428
"2020-07-02","Global",0.0,1.2417672796657564,0.014080336875349542,428
"2020-07-03","Global",0.0,1.2846801017413423,0.014022043957477337,430
"2020-07-04","Global",0.0,1.3216744787457573,0.014158719896557297,438
"2020-07-05","Global",0.0,1.357582361235739,0.014100756313293168,440
"2020-07-06","Global",0.0,1.4134655101197853,0.014297969688304261,450
"2020-07-07","Global",0.0,1.4830823514586353,0.014302816457690127,454
"2020-07-08","Global",0.0,1.5475930149011279,0.014307581768766986,458
"2020-07-09","Global",0.0,1.6189591078066914,0.014374225526641884,464
"2020-07-10","Global",0.0,1.6908046330148392,0.014316876094503671,466
"2020-07-11","Global",0.0,1.745566457431897,0.014260466816990676,468
"2020-07-12","Global",0.0,1.7987729319672379,0.01438631486686614,476
"2020-07-13","Global",0.0,1.8869168965103729,0.014390214654035257,480
"2020-07-14","Global",0.0,1.962646840148699,0.014691449814126394,494
"2020-07-15","Global",0.0,2.056647194193663,0.014751873487932967,500
"2020-07-16","Global",0.0,2.154084828615754,0.015104059947896847,516
"2020-07-17","Global",0.0,2.240706319702602,0.015450743494423791,532
"2020-07-18","Global",0.0,2.3056396069277545,0.015619146422293305,542
"2020-07-19","Global",0.0,2.344695453245639,0.01584215041464112,554
"2020-07-20","Global",0.0,2.4372428275490226,0.016232015664462668,572
"2020-07-21","Global",0.0,2.531035259659795,0.01639067252450152,582
"2020-07-22","Global",0.0,2.6263241747491404,0.016379238057970206,586
"2020-07-23","Global",0.0,2.711368806524996,0.016867336181545803,608
"2020-07-24","Global",0.0,2.7862315847445958,0.01685254027261462,612
"2020-07-25","Global",0.0,2.8246774546249727,0.01689263065821124,618
"2020-07-26","Global",0.0,2.8582747673188074,0.017257753778525495,636
"2020-07-27","Global",0.0,2.9516189860460105,0.017294326814288025,642
"2020-07-28","Global",0.0,3.0428177903773634,0.017383862426787196,650
"2020-07-29","Global",0.0,3.1242697822623473,0.017843866171003718,672
"2020-07-30","Global",0.0,3.194600437659838,0.018191884837459465,690
"2020-07-31","Global",0.0,3.2423163516414473,0.018325566783601234,700
"2020-08-01","Global",0.0,3.254789819845582,0.01850937166922297,712
"2020-08-02","Global",0.0,3.264766625361421,0.018742255266418834,726
"2020-08-03","Global",0.0,3.335521087040123,0.01897192667606717,740
"2020-08-04","Global",0.0,3.3988389265162704,0.019249376177623873,756
"2020-08-05","Global",0.0,3.4581594719672255,0.01927016159623701,762
"2020-08-06","Global",0.0,3.515673666231287,0.019541846679393148,778
"2020-08-07","Global",0.0,3.5748609066640054,0.019660188119058907,788
"2020-08-08","Global",0.0,3.5876084262701364,0.019727385377943,796
"2020-08-09","Global",0.0,3.610527093232231,0.01989216868952953,808
"2020-08-10","Global",0.0,3.667677558207787,0.02000586969281941,818
"2020-08-11","Global",0.0,3.7320504409942417,0.020069490001700805,826
"2020-08-12","Global",0.0,3.783517597643992,0.020470236083618983,848
"2020-08-13","Global",0.0,3.837870248231203,0.02067394171963065,862
"2020-08-14","Global",0.0,3.8804689734057765,0.02087503574492422,876
"2020-08-15","Global",0.0,3.890559515071153,0.02093149906471243,884
"2020-08-16","Global",0.0,3.9181685567737987,0.02117547409533669,900
"2020-08-17","Global",0.0,3.969979659114821,0.021182576979729254,906
"2020-08-18","Global",0.0,4.020120817843866,0.02142193308550186,922
"2020-08-19","Global",0.0,4.067561015031518,0.02165831582350089,938
"2020-08-20","Global",0.0,4.10629216577172,0.02184588553857451,952
"2020-08-21","Global",0.0,4.146600679636007,0.022031153784751522,966
"2020-08-22","Global",0.0,4.151282981231299,0.022304832713754646,984
"2020-08-23","Global",0.0,4.167579137095866,0.022620254590514813,1004
"2020-08-24","Global",0.0,4.223854525910332,0.022842298562278856,1020
"2020-08-25","Global",0.0,4.281860071678205,0.023106203948979366,1038
"2020-08-26","Global",0.0,4.339838909541512,0.023189945123030624,1048
"2020-08-27","Global",0.0,4.404214601526583,0.023360682783044807,1062
"2020-08-28","Global",0.0,4.456374371309862,0.02344194183249508,1072
"2020-08-29","Global",0.0,4.468444966194918,0.023435292071566773,1078
"2020-08-30","Global",0.0,4.4866430362237395,0.023644851733379442,1094
"2020-08-31","Global",0.0,4.550744568837699,0.02393794185271934,1114
"2020-09-01","Global",0.0,4.61752766739307,0.023971285732598383,1122
"2020-09-02","Global",0.0,4.720892193308551,0.024004248539564524,1130
"2020-09-03","Global",0.0,4.803438661710037,0.024079080770530583,1140
"2020-09-04","Global",0.0,4.882616092243715,0.024195072774242328,1152
"2020-09-05","Global",0.0,4.913662754270916,0.024393300196315942,1168
"2020-09-06","Global",0.0,4.9753483832111485,0.024506240784199704,1180
"2020-09-07","Global",0.0,5.080256092523751,0.024576621230896323,1190
"2020-09-08","Global",0.0,5.18807122758734,0.02460514695311056,1198
"2020-09-09","Global",0.0,5.314882143878426,0.02463335920584991,1206
"2020-09-10","Global",0.0,5.445060637455055,0.024742519349137668,1218
"2020-09-11","Global",0.0,5.567601422337159,0.025012122191692257,1238
"2020-09-12","Global",0.0,5.639425298904853,0.025077865970059277,1248
"2020-09-13","Global",0.0,5.73194227925011,0.025142902826078267,1258
"2020-09-14","Global",0.0,5.881915591515416,0.02524700316084528,1270
"2020-09-15","Global",0.0,6.052281895119829,0.025270900893775212,1278
"2020-09-16","Global",0.0,6.187014417497689,0.025451899057847012,1294
"2020-09-17","Global",0.0,6.349285854040305,0.02547446683623557,1302
"2020-09-18","Global",0.0,6.510130598104284,0.025574651122053756,1314
"2020-09-19","Global",0.0,6.613382899628252,0.025673791821561338,1326
"2020-09-20","Global",0.0,6.670108057091126,0.02573338212916771,1336
"2020-09-21","Global",0.0,6.773540796382171,0.025945655923044493,1354
"2020-09-22","Global",0.0,6.984348489181203,0.026537031741492707,1392
"2020-09-23","Global",0.0,7.199074425309157,0.026856839390031105,1416
"2020-09-24","Global",0.0,7.451625686411413,0.02721114109410677,1442
"2020-09-25","Global",0.0,7.705793999474297,0.027411663099395443,1460
"2020-09-26","Global",0.0,7.870504941062189,0.02753544675048103,1474
"2020-09-27","Global",0.0,7.946468401486989,0.02758364312267658,1484
"2020-09-28","Global",0.0,7.945144167637649,0.027668349701307587,1496
"2020-09-29","Global",0.0,8.078066914498141,0.028046670838087526,1524
"2020-09-30","Global",0.0,8.350614390096508,0.02834801399088029,1548
"2020-10-01","Global",0.0,8.572490706319703,0.028828631824477004,1582
"2020-10-02","Global",0.0,8.770078882944963,0.028905612476199112,1594
"2020-10-03","Global",0.0,8.814090302089724,0.02970368498935287,1646
"2020-10-04","Global",0.0,8.870068063861503,0.029991200186771545,1670
"2020-10-05","Global",0.0,9.018515870746354,0.030132971118101228,1686
"2020-10-06","Global",0.0,9.132779566354209,0.030380107077426586,1708
"2020-10-07","Global",0.0,9.2272614622057,0.030483271375464683,1722
"2020-10-08","Global",0.0,9.306823587448687,0.030937824838351627,1756
"2020-10-09","Global",0.0,9.36006873816371,0.031142596619204602,1776
"2020-10-10","Global",0.0,9.34575981290469,0.03183412744122729,1824
"2020-10-11","Global",0.0,9.355800298787479,0.03199805440711531,1842
"2020-10-12","Global",0.0,9.413884326100112,0.032022131927033806,1852
"2020-10-13","Global",0.0,9.44478865482583,0.032286933773922624,1876
"2020-10-14","Global",0.0,9.468281568533397,0.03244650780326521,1894
"2020-10-15","Global",0.0,9.475836431226766,0.03253640735309164,1908
"2020-10-16","Global",0.0,9.479078610106772,0.033338425760893554,1964
"2020-10-17","Global",0.0,9.44832713754647,0.03345724907063197,1980
"2020-10-18","Global",0.0,9.43470874194688,0.03364228161953944,2000
"2020-10-19","Global",0.0,9.438829163736226,0.03369168424930507,2012
"2020-10-20","Global",0.0,9.433343891176422,0.03364062213479587,2018
"2020-10-21","Global",0.0,9.427509293680297,0.03365639936271907,2028
"2020-10-22","Global",0.0,9.416869062370921,0.03370508054522924,2040
"2020-10-23","Global",0.0,9.400500049346975,0.03372043293746094,2050
"2020-10-24","Global",0.0,9.366392086861111,0.033768403124641765,2062
"2020-10-25","Global",0.0,9.343735733385508,0.03388117132981152,2078
"2020-10-26","Global",0.0,9.32955633837113,0.03399295465982695,2094
"2020-10-27","Global",0.0,9.31485372555358,0.03403911427186035,2106
"2020-10-28","Global",0.0,9.296577028919037,0.033891758798821996,2106
"2020-10-29","Global",0.0,9.275157031149853,0.0338738623253429,2114
"2020-10-30","Global",0.0,9.25491009461206,0.03372848094197233,2114
"2020-10-31","Global",0.0,9.22180916976456,0.033774981730372064,2126
"2020-11-01","Global",0.0,9.200759313454085,0.033757810646207385,2134
"2020-11-02","Global",0.0,9.18310125385924,0.033709281078696994,2140
"2020-11-03","Global",0.0,9.168446975044311,0.03381801640707104,2156
"2020-11-04","Global",0.0,9.151322982724688,0.03411327356221299,2184
"2020-11-05","Global",0.0,9.129458244544338,0.034032757306621454,2188
"2020-11-06","Global",0.0,9.111679058240396,0.03398389095415118,2194
"2020-11-07","Global",0.0,9.079794536395749,0.03396628052260563,2202
"2020-11-08","Global",0.0,9.057175335647793,0.03394881563181665,2210
"2020-11-09","Global",0.0,9.03997429895819,0.03390089800663944,2216
"2020-11-10","Global",0.0,9.022030592967274,0.03385337314888171,2222
"2020-11-11","Global",0.0,9.0064790228359,0.033775889537971324,2226
"2020-11-12","Global",0.0,8.99289751261825,0.03369903587511711,2230
"2020-11-13","Global",0.0,8.977228601959574,0.03362280450912813,2234
"2020-11-14","Global",0.0,8.949274493344525,0.033577167526082266,2240
"2020-11-15","Global",0.0,8.930144369298755,0.03347217867753542,2242
"2020-11-16","Global",0.0,8.91839405204461,0.033427509293680296,2248
"2020-11-17","Global",0.0,8.904841600142182,0.033412817132955165,2256
"2020-11-18","Global",0.0,8.890688617454417,0.03333923408272851,2260
"2020-11-19","Global",0.0,8.87561896645459,0.03320745845394302,2260
"2020-11-20","Global",0.0,8.861516845710272,0.033105991862541345,2262
"2020-11-21","Global",0.0,8.837845324003208,0.03303447773161309,2266
"2020-11-22","Global",0.0,8.82394284386617,0.03305065055762082,2276
"2020-11-23","Global",0.0,8.815240189200527,0.03295097854859474,2278
"2020-11-24","Global",0.0,8.803636782801648,0.03288089680412668,2282
"2020-11-25","Global",0.0,8.798495787343372,0.03281135623143058,2286
"2020-11-26","Global",0.0,8.793537317700887,0.03271375464684015,2288
"2020-11-27","Global",0.0,8.786451879388682,0.03264538734350297,2292
"2020-11-28","Global",0.0,8.768410000283776,0.032605919577740575,2298
"2020-11-29","Global",0.0,8.761191287263063,0.03253848219712497,2302
"2020-11-30","Global",0.0,8.760223048327138,0.03244339303818858,2304
"2020-12-01","Global",0.0,8.757887353580697,0.032349021533281896,2306
"2020-12-02","Global",0.0,8.765016630796321,0.03225535958856248,2308
"2020-12-03","Global",0.0,8.769586344207287,0.03216239923144397,2310
"2020-12-04","Global",0.0,8.775370360095433,0.032153359596071684,2318
"2020-12-05","Global",0.0,8.768231505921698,0.03214438716988433,2326
"2020-12-06","Global",0.0,8.770232686217817,0.03205287071458075,2328
"2020-12-07","Global",0.0,8.784263158616715,0.0320169000946515,2334
"2020-12-08","Global",0.0,8.796277061010278,0.0319538596107588,2338
"2020-12-09","Global",0.0,8.81035445347713,0.03191851518989065,2344
"2020-12-10","Global",0.0,8.827883754375492,0.03182915909152579,2346
"2020-12-11","Global",0.0,8.840905711388983,0.031821561338289964,2354
"2020-12-12","Global",0.0,8.840822153978772,0.03178708043747643,2360
"2020-12-13","Global",1355.0,180428.85088508046,1434.0321017808974,3826
"2020-12-14","Global",1360.0,192359.37582573347,1594.0320130512691,5582
"2020-12-15","Global",1387.0,195398.57996562336,2043.36531158812,8530
"2020-12-16","Global",1593.0,205502.44984067976,2388.5323685608073,11992
"2020-12-17","Global",2104.0,210386.78797444073,2599.432385664581,15445
"2020-12-18","Global",2752.0,242368.85727279919,2624.03234991695,18198
"2020-12-19","Global",3489.0,236354.17909921205,2620.3180812514424,20806
"2020-12-20","Global",4003.0,234801.82785747945,2540.7823577150634,22798
"2020-12-21","Global",4858.0,229781.93119726205,2470.9212374182043,25058
"2020-12-22","Global",6960.0,228919.07958906677,2582.4323914004212,29261
"2020-12-23","Global",8669.0,222802.91159905467,2556.4869535215894,30623
"2020-12-24","Global",9554.0,225651.02726634627,2671.549981503978,35539
"2020-12-25","Global",9608.0,214721.4799922425,2511.9105690031233,35277
"2020-12-26","Global",9988.0,212981.6264651239,2445.691217893062,37007
"2020-12-27","Global",10331.0,215179.2096592778,2512.207687845213,41105
"2020-12-28","Global",12726.0,235180.1412212438,3569.751375886455,46219
"2020-12-29","Global",16438.0,242219.50833517802,3664.5144137734696,52879
"2020-12-30","Global",22075.0,245483.95160209524,3675.109767259803,59922
"2020-12-31","Global",24316.0,236206.50442514187,3441.109568530339,59653
"2021-01-01","Global",26029.0,238311.16395585093,3484.5946278480255,69446
"2021-01-02","Global",28575.0,237930.13751415844,3335.852816898243,73649
"2021-01-03","Global",30715.0,235754.39691535593,3296.6837611885176,76793
"2021-01-04","Global",72994.0,239024.33497615944,3444.0328937026816,81777
"2021-01-05","Global",155548.0,242216.8063487837,3520.087920494368,89436
"2021-01-06","Global",321975.0,248575.47382779143,3655.937720069956,98342
"2021-01-07","Global",592217.0,245746.9036593484,3624.8821873323222,95148
"2021-01-08","Global",944489.0,255025.67977109452,3742.9970289539197,111896
"2021-01-09","Global",1077806.0,256851.88119835767,3770.3169855904457,118701
"2021-01-10","Global",1524338.0,277485.79182346736,4272.324613849798,127016
"2021-01-11","Global",1927801.0,277400.6246521271,4241.060074359088,134180
"2021-01-12","Global",2365601.0,147204.3925455277,2757.8832034029874,149550
"2021-01-13","Global",3045090.0,115755.24298483675,2420.55265655723,162945
"2021-01-14","Global",3377681.0,120434.78300014744,2521.1232015295873,173622
"2021-01-15","Global",4084872.0,104759.14541049107,2320.651313281174,186864
"2021-01-16","Global",4263351.0,117681.89509270701,3549.562443659899,199009
"2021-01-17","Global",4560470.0,129066.3019015932,3690.8008906154037,210719
"2021-01-18","Global",5161944.0,145721.62364874748,4464.276800173827,223591
"2021-01-19","Global",6374840.0,143859.40305588627,4580.385796307322,242840
"2021-01-20","Global",7466190.0,141582.7019839176,4557.298804218776,265977
"2021-01-21","Global",8576495.0,149442.63674780203,4711.202807636568,288594
"2021-01-22","Global",9431138.0,146909.57379185304,5073.847017835877,311846
"2021-01-23","Global",10173195.0,140375.30664659909,4859.347392905451,330403
"2021-01-24","Global",10965948.0,133105.0667044155,4750.084225488766,344824
"2021-01-25","Global",12248565.0,131568.29472748179,4769.289491828064,359892
"2021-01-26","Global",13698080.0,132642.14828267499,4794.043634829971,381671
"2021-01-27","Global",15304915.0,132732.96086998182,4752.222548010048,403591
"2021-01-28","Global",17097815.0,131787.3509613509,4713.752565076033,425409
"2021-01-29","Global",18162639.0,140157.82633468744,4946.023337889112,434841
"2021-01-30","Global",19963355.0,142001.70495401107,4873.886711852908,461237
"2021-01-31","Global",20938605.0,130394.55983156912,4652.572492717274,472760
"2021-02-01","Global",22442100.0,136668.3555986826,4847.406037102105,488971
"2021-02-02","Global",23822928.0,125771.97194067157,4648.990395057826,506835
"2021-02-03","Global",25962967.0,134443.93424795408,4799.065438541987,529108
"2021-02-04","Global",28296806.0,133376.90847337438,4765.305105506015,551525
"2021-02-05","Global",28950965.0,122615.50246302833,4560.4084093161755,551862
"2021-02-06","Global",30748139.0,127607.21894615414,4612.5146471672815,568359
"2021-02-07","Global",33731176.0,133258.4391735914,4673.391235651799,594060
"2021-02-08","Global",34978685.0,122623.12956450225,4355.372262708442,600065
"2021-02-09","Global",37366835.0,116673.76742674003,3469.222545749198,593471
"2021-02-10","Global",39467755.0,116060.40033876369,4214.139110683863,634414
"2021-02-11","Global",42851411.0,119839.12750745802,4454.162565037952,659677
"2021-02-12","Global",45446262.0,108325.23996515236,4165.479712904526,676265
"2021-02-13","Global",48058984.0,122915.64689337714,4389.3090453743725,694166
"2021-02-14","Global",49947293.0,114733.30580728222,3277.8286137997684,671244
"2021-02-15","Global",51515711.0,132722.50090533792,4462.417830780498,713501
"2021-02-16","Global",54768087.0,131544.33942657884,4404.922585281122,726376
"2021-02-17","Global",57825078.0,132375.39076868497,4374.973915917816,740945
"2021-02-18","Global",61183385.0,122135.37529540915,3285.441674204396,721018
"2021-02-19","Global",65073031.0,120104.81677198014,4043.059485289835,764895
"2021-02-20","Global",68271236.0,129916.88437104794,4213.898025655243,781578
"2021-02-21","Global",69861335.0,119442.17737952707,3873.900136242623,785524
"2021-02-22","Global",72188644.0,116031.7829035565,3833.7772004827484,795884
"2021-02-23","Global",77205232.0,122882.41737152457,3729.478532604096,806295
"2021-02-24","Global",79876896.0,128827.38194543493,3969.586377298474,831060
"2021-02-25","Global",83001774.0,120625.02334136376,3621.181612858817,837757
"2021-02-26","Global",88265239.0,125987.8229125163,3806.977264512043,859581
"2021-02-27","Global",90368203.0,119161.41879908883,3513.016797291692,861942
"2021-02-28","Global",93739177.0,126927.93582343437,3708.187213247553,878903
"2021-03-01","Global",95975180.0,116610.9009036923,3507.1918623124793,883381
"2021-03-02","Global",98832699.0,117041.2316985018,3388.747903113902,893576
"2021-03-03","Global",106470810.0,141246.18808488167,4246.92898555591,919307
"2021-03-04","Global",109794803.0,125467.11640556685,3132.139514526296,885288
"2021-03-05","Global",114254679.0,137431.4927739438,3992.2175005787753,938510
"2021-03-06","Global",117794255.0,132396.8626077997,3908.389626645863,953038
"2021-03-07","Global",119049339.0,128724.64697372804,2955.2877372602993,915287
"2021-03-08","Global",123979871.0,135603.01342451916,3898.4380686426325,972164
"2021-03-09","Global",127264077.0,134670.4130053787,3855.432599929356,987239
"2021-03-10","Global",131638472.0,136057.4171137754,3778.021592128353,998425
"2021-03-11","Global",103465204.0,140972.36280470365,3271.518835738648,980700
"2021-03-12","Global",107314156.0,140531.525691012,3699.9447165631505,1035460
"2021-03-13","Global",143980688.0,135210.05850908364,3539.7620708341797,1046497
"2021-03-14","Global",149355987.0,139993.45462073397,3548.7002269283516,1050780
"2021-03-15","Global",158685186.0,153714.33842016227,3843.333873428176,1065961
"2021-03-16","Global",165292014.0,137797.0046206256,2907.875627016863,1036251
"2021-03-17","Global",175551041.0,166425.0577079894,4232.173650258227,1102577
"2021-03-18","Global",181746216.0,162372.9462166454,4177.159188204594,1120262
"2021-03-19","Global",191662830.0,170432.08233656036,3619.753883965522,1090769
"2021-03-20","Global",196427249.0,177778.82360314412,4252.228859223506,1146903
"2021-03-21","Global",201777733.0,188074.85803061567,4285.644093988876,1155813
"2021-03-22","Global",210098358.0,171394.12749281776,3840.988237156164,1162445
"2021-03-23","Global",217482299.0,165628.14871622052,3175.8172078063194,1136429
"2021-03-24","Global",224064792.0,164982.86913871087,3612.425641713644,1187663
"2021-03-25","Global",233290499.0,163577.90074026686,3673.01520010655,1198595
"2021-03-26","Global",245967716.0,169222.55614311586,3715.3943092438253,1232620
"2021-03-27","Global",248183649.0,153959.82648529197,3391.0995223705663,1232531
"2021-03-28","Global",249647136.0,162530.54413397796,2964.236419745037,1203266
"2021-03-29","Global",265150065.0,169210.38697399784,3800.539604012909,1244783
"2021-03-30","Global",276349115.0,190312.79550681097,3510.7720547307676,1241863
"2021-03-31","Global",291422543.0,201954.30515907166,4417.063155198401,1321113
"2021-04-01","Global",297969149.0,197538.6205885245,3702.2262354005074,1293082
"2021-04-02","Global",309581388.0,206198.4701391848,4362.705857519838,1356669
"2021-04-03","Global",309155973.0,170208.3030421895,3541.4253944887296,1335292
"2021-04-04","Global",317085705.0,214691.22515136344,4356.113401273279,1375388
"2021-04-05","Global",326474660.0,217134.35991372276,4236.16154289207,1380128
"2021-04-06","Global",339249855.0,209762.93089175527,4228.768731890385,1394330
"2021-04-07","Global",344230013.0,222386.44263784515,4451.088264987604,1429624
"2021-04-08","Global",355984345.0,225591.58303328033,4629.409530693525,1461661
"2021-04-09","Global",359803813.0,213082.34343184886,4183.441115943119,1452951
"2021-04-10","Global",370314978.0,240438.9050963105,4687.601708851616,1497825
"2021-04-11","Global",370527213.0,229931.1642434903,4259.8220844694415,1484622
"2021-04-12","Global",384687090.0,254573.0583792806,4904.739507809618,1524568
"2021-04-13","Global",395238747.0,250058.57668526378,4868.899126337911,1546748
"2021-04-14","Global",401929503.0,242445.81016774228,4486.5196102503105,1541635
"2021-04-15","Global",410497819.0,244624.68102905052,4421.795621227694,1562590
"2021-04-16","Global",412165092.0,228946.23165676973,4051.01963042994,1549886
"2021-04-17","Global",427488537.0,253167.3226402592,4530.752132353906,1588998
"2021-04-18","Global",427604769.0,256969.80489786353,4424.041005295096,1586580
"2021-04-19","Global",443418294.0,306948.61521098024,5421.710111300873,1636133
"2021-04-20","Global",435774040.0,234549.74694193376,5031.467583154443,1625324
"2021-04-21","Global",458885956.0,283817.867076328,5013.324917682817,1668011
"2021-04-22","Global",469940054.0,308663.96179397096,5412.991395185229,1683562
"2021-04-23","Global",457659488.0,196198.09997993868,4464.631277103766,1661789
"2021-04-24","Global",452660103.0,172982.48306373405,3639.644145291844,1611813
"2021-04-25","Global",491126287.0,281940.5572378408,5024.471985499747,1713879
"2021-04-26","Global",501341370.0,274384.04708758753,4631.418127484349,1694941
"2021-04-27","Global",507331734.0,294426.5207199057,4657.45237111854,1695318
"2021-04-28","Global",525485977.0,322402.90332161874,5669.727922193834,1773905
"2021-04-29","Global",531975178.0,335730.92688289593,5887.066246667093,1792648
"2021-04-30","Global",540934749.0,317121.3671657942,5419.7919932936875,1779209
"2021-05-01","Global",544446579.0,302491.8476424936,5133.586165334111,1803539
"2021-05-02","Global",548255599.0,289592.4717948244,4857.423230759457,1790332
"2021-05-03","Global",546830824.0,287285.91128840926,4282.076018422779,1749332
"2021-05-04","Global",570152527.0,323236.19375598285,5412.696106438686,1836529
"2021-05-05","Global",349284731.0,72814.49523715758,1338.1535275705992,1416186
"2021-05-06","Global",147759.0,2.457894736842105,0.0,0
